file_path,audio_sec,infer_sec,RTF,WER,CPU_%,Mem_MB,GPU_MB_avg,GPU_MB_peak
./test-clean\121\121726\121-121726-0000.flac,8.46,1.4249963760375977,0.16843928794770657,0.35294117647058826,231.3,11.73135757446289,288.5166015625,366.62890625
./test-clean\121\121726\121-121726-0001.flac,5.925,0.2660083770751953,0.04489592862028613,0.25,950.4,0.9059658050537109,288.5166015625,360.5537109375
./test-clean\121\121726\121-121726-0002.flac,4.41,0.19099974632263184,0.04331060007315914,0.6,409.45,0.6744823455810547,288.5166015625,360.5537109375
./test-clean\121\121726\121-121726-0003.flac,6.755,0.2729978561401367,0.04041419039824378,0.21428571428571427,434.95,1.032094955444336,288.5166015625,360.5537109375
./test-clean\121\121726\121-121726-0004.flac,4.02,0.21499896049499512,0.05348232848134207,0.25,415.65,0.6152620315551758,288.5166015625,360.5537109375
./test-clean\121\121726\121-121726-0005.flac,3.1,0.21700072288513184,0.0700002331887522,1.0,866.15,0.47466087341308594,288.5166015625,360.5537109375
./test-clean\121\121726\121-121726-0006.flac,3.895,0.2279965877532959,0.05853570930764978,0.2857142857142857,474.45,0.5956935882568359,288.5166015625,360.5537109375
./test-clean\121\121726\121-121726-0007.flac,6.73,0.2830014228820801,0.04205073148322141,0.14285714285714285,439.3,1.0284862518310547,288.5166015625,360.5537109375
./test-clean\121\121726\121-121726-0008.flac,4.99,0.28900790214538574,0.05791741525959634,0.2857142857142857,372.55,0.7628307342529297,288.5166015625,360.5537109375
./test-clean\121\121726\121-121726-0009.flac,7.26,0.2899973392486572,0.0399445370865919,0.14285714285714285,370.9,1.1095256805419922,288.5166015625,360.5537109375
./test-clean\121\121726\121-121726-0010.flac,9.81,0.3549988269805908,0.03618744413665553,0.16666666666666666,330.8,1.498250961303711,288.5166015625,360.5537109375
./test-clean\121\121726\121-121726-0011.flac,4.035,0.20099997520446777,0.04981412024893873,0.2857142857142857,415.65,0.6170558929443359,288.5166015625,360.5537109375
./test-clean\121\121726\121-121726-0012.flac,4.045,0.22999835014343262,0.05685991350888322,0.8,472.05,0.6187343597412109,288.5166015625,360.5537109375
./test-clean\121\121726\121-121726-0013.flac,2.49,0.18550562858581543,0.07450025244410258,0.25,467.9,0.38158226013183594,288.5166015625,360.5537109375
./test-clean\121\121726\121-121726-0014.flac,3.165,0.18600010871887207,0.058767806862202863,0.5,477.9,0.48445701599121094,288.5166015625,360.5537109375
./test-clean\121\123852\121-123852-0000.flac,17.695,0.5340001583099365,0.030178025335401894,0.27586206896551724,257.45,2.701406478881836,288.5166015625,360.673828125
./test-clean\121\123852\121-123852-0001.flac,1.87,0.1360011100769043,0.07272786635128571,1.0,382.3,0.3026723861694336,288.5166015625,360.5537109375
./test-clean\121\123852\121-123852-0002.flac,17.285,0.5490202903747559,0.03176281691494104,0.1388888888888889,259.0,2.6393260955810547,288.5166015625,360.685546875
./test-clean\121\123852\121-123852-0003.flac,23.505,0.8170003890991211,0.03475857856197069,0.20833333333333334,266.7,3.5879955291748047,288.5166015625,371.8681640625
./test-clean\121\123852\121-123852-0004.flac,16.29,0.5659940242767334,0.03474487564620831,0.1875,232.15,2.487173080444336,288.5166015625,360.708984375
./test-clean\121\123859\121-123859-0000.flac,17.39,0.5610001087188721,0.032259925745766076,0.13513513513513514,222.0,2.6548213958740234,288.5166015625,360.708984375
./test-clean\121\123859\121-123859-0001.flac,25.395,0.9250080585479736,0.03642481033856955,0.24528301886792453,310.55,3.876607894897461,288.5166015625,373.12548828125
./test-clean\121\123859\121-123859-0002.flac,30.04,1.1110005378723145,0.03698403921013031,0.3333333333333333,216.25,4.585208892822266,288.5166015625,378.15625
./test-clean\121\123859\121-123859-0003.flac,10.825,0.3549928665161133,0.0327937982924816,0.15,373.6,1.6529836654663086,288.5166015625,360.5537109375
./test-clean\121\123859\121-123859-0004.flac,9.505,0.33998990058898926,0.035769584491214014,0.23529411764705882,317.95,1.4518165588378906,288.5166015625,360.5537109375
./test-clean\121\127105\121-127105-0000.flac,9.875,0.4549994468688965,0.046075893353812306,0.1111111111111111,258.7,1.508443832397461,288.5166015625,360.5537109375
./test-clean\121\127105\121-127105-0001.flac,5.025,0.27899980545043945,0.05552234934337103,0.13333333333333333,466.20000000000005,0.7680702209472656,288.5166015625,360.5537109375
./test-clean\121\127105\121-127105-0002.flac,7.495,0.44600462913513184,0.05950695518814301,0.18518518518518517,317.0,1.1453590393066406,288.5166015625,360.568359375
./test-clean\121\127105\121-127105-0003.flac,7.725,0.38599276542663574,0.04996670102610171,0.2222222222222222,291.7,1.1800622940063477,288.5166015625,360.5537109375
./test-clean\121\127105\121-127105-0004.flac,2.11,0.15799832344055176,0.07488072200974018,0.3333333333333333,390.6,0.3238048553466797,288.5166015625,360.5537109375
./test-clean\121\127105\121-127105-0005.flac,5.82,0.3680081367492676,0.06323163861671265,0.1,356.25,0.8894252777099609,288.5166015625,360.5537109375
./test-clean\121\127105\121-127105-0006.flac,4.725,0.3249936103820801,0.06878171648297991,0.23076923076923078,362.05,0.7221975326538086,288.5166015625,360.5537109375
./test-clean\121\127105\121-127105-0007.flac,5.79,0.2910003662109375,0.050259130606379536,0.26666666666666666,386.7,0.8850507736206055,288.5166015625,360.5537109375
./test-clean\121\127105\121-127105-0008.flac,2.76,0.19899916648864746,0.07210114727849547,0.3333333333333333,401.05,0.4226369857788086,288.5166015625,360.5537109375
./test-clean\121\127105\121-127105-0009.flac,2.29,0.19699764251708984,0.08602517140484273,0.2857142857142857,970.35,0.35074901580810547,288.5166015625,360.5537109375
./test-clean\121\127105\121-127105-0010.flac,2.85,0.23299956321716309,0.08175423270777651,0.1,490.8,0.43648338317871094,288.5166015625,360.5537109375
./test-clean\121\127105\121-127105-0011.flac,5.78,0.372999906539917,0.06453285580275381,0.1,370.85,0.8832759857177734,288.5166015625,360.5537109375
./test-clean\121\127105\121-127105-0012.flac,4.83,0.35152173042297363,0.0727788261745287,0.15789473684210525,315.55,0.7387905120849609,288.5166015625,360.5537109375
./test-clean\121\127105\121-127105-0013.flac,5.895,0.3619999885559082,0.061407970917032775,0.15,321.2,0.9009227752685547,288.5166015625,360.5537109375
./test-clean\121\127105\121-127105-0014.flac,2.255,0.15099263191223145,0.06695903854200952,0.3333333333333333,350.55,0.3456554412841797,288.5166015625,360.5537109375
./test-clean\121\127105\121-127105-0015.flac,2.96,0.24000167846679688,0.08108164813067462,0.1,487.5,0.4534587860107422,288.5166015625,360.5537109375
./test-clean\121\127105\121-127105-0016.flac,2.03,0.1889970302581787,0.09310198534885651,0.16666666666666666,447.05,0.31256866455078125,288.5166015625,360.5537109375
./test-clean\121\127105\121-127105-0017.flac,2.695,0.23200082778930664,0.08608565038564255,0.1,475.4,0.41274070739746094,288.5166015625,360.5537109375
./test-clean\121\127105\121-127105-0018.flac,2.77,0.22099876403808594,0.07978294730616821,0.25,488.75,0.42403221130371094,288.5166015625,360.5537109375
./test-clean\121\127105\121-127105-0019.flac,3.525,0.2579984664916992,0.0731910543238863,0.45454545454545453,465.8,0.5393886566162109,288.5166015625,360.5537109375
./test-clean\121\127105\121-127105-0020.flac,14.355,0.7720000743865967,0.05377917620247974,0.2682926829268293,180.5,2.191941261291504,288.5166015625,360.94384765625
./test-clean\121\127105\121-127105-0021.flac,2.0,0.1679997444152832,0.0839998722076416,0.25,381.55,0.30634593963623047,288.5166015625,360.5537109375
./test-clean\121\127105\121-127105-0022.flac,5.075,0.3250000476837158,0.06403941826280114,0.1875,397.75,0.7758998870849609,288.5166015625,360.5537109375
./test-clean\121\127105\121-127105-0023.flac,10.91,0.427992582321167,0.03922938426408497,0.034482758620689655,278.9,1.666097640991211,288.5166015625,360.5537109375
./test-clean\121\127105\121-127105-0024.flac,14.45,0.6910011768341064,0.047820150645958924,0.14583333333333334,201.0,2.2067394256591797,288.5166015625,360.837890625
./test-clean\121\127105\121-127105-0025.flac,16.065,0.6409926414489746,0.039899946557670374,0.16666666666666666,198.95,2.4527416229248047,288.5166015625,360.802734375
./test-clean\121\127105\121-127105-0026.flac,7.53,0.3699929714202881,0.04913585277825871,0.125,324.25,1.150350570678711,288.5166015625,360.5537109375
./test-clean\121\127105\121-127105-0027.flac,13.87,0.5940005779266357,0.042826285358805755,0.11904761904761904,213.05,2.1180381774902344,288.5166015625,360.755859375
./test-clean\121\127105\121-127105-0028.flac,6.75,0.34299230575561523,0.05081367492675781,0.09523809523809523,364.55,1.031850814819336,288.5166015625,360.5537109375
./test-clean\121\127105\121-127105-0029.flac,7.31,0.4409935474395752,0.06032743467025653,0.16666666666666666,398.65,1.1167402267456055,288.5166015625,366.62890625
./test-clean\121\127105\121-127105-0030.flac,2.175,0.1659994125366211,0.07632156898235454,0.3333333333333333,467.85,0.33324241638183594,288.5166015625,360.5537109375
./test-clean\121\127105\121-127105-0031.flac,10.765,0.424999475479126,0.03947974690934751,0.21052631578947367,322.15,1.644460678100586,288.5166015625,360.5537109375
./test-clean\121\127105\121-127105-0032.flac,3.17,0.23299956321716309,0.07350143950068236,0.2222222222222222,427.35,0.4854469299316406,288.5166015625,360.5537109375
./test-clean\121\127105\121-127105-0033.flac,2.355,0.18400144577026367,0.07813224873471918,0.16666666666666666,452.95,0.3605642318725586,288.5166015625,360.5537109375
./test-clean\121\127105\121-127105-0034.flac,7.41,0.3439981937408447,0.0464235079272395,0.2777777777777778,412.25,1.1322460174560547,288.5166015625,360.5537109375
./test-clean\121\127105\121-127105-0035.flac,14.15,0.5329933166503906,0.037667372201441035,0.2,224.7,2.1605358123779297,288.5166015625,360.673828125
./test-clean\121\127105\121-127105-0036.flac,4.15,0.23699951171875,0.057108316076807226,0.18181818181818182,471.0,0.6348781585693359,288.5166015625,360.5537109375
./test-clean\237\126133\237-126133-0000.flac,13.29,0.6809983253479004,0.05124140898027844,0.18421052631578946,209.25,2.0293617248535156,288.5166015625,360.826171875
./test-clean\237\126133\237-126133-0001.flac,11.965,0.5655021667480469,0.047263031069623644,0.08108108108108109,212.3,1.8269338607788086,288.5166015625,360.697265625
./test-clean\237\126133\237-126133-0002.flac,8.92,0.5109918117523193,0.05728607755070845,0.23333333333333334,245.75,1.362600326538086,288.5166015625,360.626953125
./test-clean\237\126133\237-126133-0003.flac,6.56,0.36899328231811523,0.05624897596312733,0.125,304.15,1.002614974975586,288.5166015625,360.5537109375
./test-clean\237\126133\237-126133-0004.flac,3.295,0.24398016929626465,0.07404557490023206,0.2,425.55,0.5041408538818359,288.5166015625,360.5537109375
./test-clean\237\126133\237-126133-0005.flac,6.51,0.41801023483276367,0.06421048154113114,0.3333333333333333,301.75,0.9951076507568359,288.5166015625,360.5537109375
./test-clean\237\126133\237-126133-0006.flac,6.15,0.2969183921813965,0.04827941336282869,0.5,372.15,0.9396352767944336,288.5166015625,360.5537109375
./test-clean\237\126133\237-126133-0007.flac,8.68,0.4909958839416504,0.05656634607622701,0.16,243.75,1.3261632919311523,288.5166015625,360.603515625
./test-clean\237\126133\237-126133-0008.flac,3.865,0.264998197555542,0.06856356987206778,0.2,428.8,0.591609001159668,288.5166015625,360.5537109375
./test-clean\237\126133\237-126133-0009.flac,3.97,0.26300621032714844,0.0662484156995336,0.3333333333333333,428.8,0.6071376800537109,288.5166015625,360.5537109375
./test-clean\237\126133\237-126133-0010.flac,6.24,0.3719935417175293,0.05961434963421944,0.23809523809523808,322.9,0.9536647796630859,288.5166015625,360.5537109375
./test-clean\237\126133\237-126133-0011.flac,6.71,0.3739917278289795,0.055736472105660136,0.375,322.9,1.025503158569336,288.5166015625,360.5537109375
./test-clean\237\126133\237-126133-0012.flac,4.45,0.2700061798095703,0.06067554602462254,0.4,430.4,0.6805324554443359,288.5166015625,360.5537109375
./test-clean\237\126133\237-126133-0013.flac,6.815,0.40799927711486816,0.059867832298586665,0.5,272.15,1.041250228881836,288.5166015625,360.5537109375
./test-clean\237\126133\237-126133-0014.flac,6.79,0.3909912109375,0.05758338894513991,0.16666666666666666,289.7,1.037435531616211,288.5166015625,360.5537109375
./test-clean\237\126133\237-126133-0015.flac,9.34,0.48699378967285156,0.05214066270587276,0.21739130434782608,245.35,1.426961898803711,288.5166015625,360.626953125
./test-clean\237\126133\237-126133-0016.flac,4.25,0.3099949359893799,0.07293998493867762,0.5454545454545454,381.9,0.6496686935424805,288.5166015625,360.5537109375
./test-clean\237\126133\237-126133-0017.flac,6.21,0.38498997688293457,0.06199516535957079,0.47058823529411764,316.5,0.9491405487060547,288.5166015625,360.5537109375
./test-clean\237\126133\237-126133-0018.flac,4.095,0.3959970474243164,0.09670257568359375,0.6666666666666666,309.7,0.6266088485717773,288.5166015625,360.5537109375
./test-clean\237\126133\237-126133-0019.flac,7.12,0.46300816535949707,0.06502923670779454,0.2727272727272727,248.2,1.0883159637451172,288.5166015625,360.556640625
./test-clean\237\126133\237-126133-0020.flac,2.24,0.20599961280822754,0.09196411286081586,0.125,404.1,0.3433666229248047,288.5166015625,360.5537109375
./test-clean\237\126133\237-126133-0021.flac,4.365,0.31400346755981445,0.07193664778002622,0.18181818181818182,421.6,0.6674098968505859,288.5166015625,360.5537109375
./test-clean\237\126133\237-126133-0022.flac,5.04,0.3070042133331299,0.06091353439149402,0.13333333333333333,363.0,0.7705593109130859,288.5166015625,360.5537109375
./test-clean\237\126133\237-126133-0023.flac,6.675,0.42899012565612793,0.06426818361889557,0.2,277.7,1.0202159881591797,288.5166015625,360.5537109375
./test-clean\237\126133\237-126133-0024.flac,9.665,0.4869997501373291,0.05038797207835791,0.09375,257.75,1.4761791229248047,288.5166015625,360.603515625
./test-clean\237\126133\237-126133-0025.flac,3.755,0.257000207901001,0.06844213259680453,0.08333333333333333,406.85,0.5744838714599609,288.5166015625,360.5537109375
./test-clean\237\134493\237-134493-0000.flac,4.105,0.22999954223632812,0.056029121129434374,0.375,422.2,0.6277370452880859,288.5166015625,360.5537109375
./test-clean\237\134493\237-134493-0001.flac,7.38,0.3720085620880127,0.05040766423956811,0.15789473684210525,333.35,1.1277456283569336,288.5166015625,360.5537109375
./test-clean\237\134493\237-134493-0002.flac,11.395,0.4859917163848877,0.042649558261069566,0.19230769230769232,258.25,1.740102767944336,288.5166015625,360.5537109375
./test-clean\237\134493\237-134493-0003.flac,12.765,0.5471460819244385,0.042862991141749976,0.15151515151515152,214.25,1.9492015838623047,288.5166015625,360.673828125
./test-clean\237\134493\237-134493-0004.flac,6.825,0.3839888572692871,0.056262103629199575,0.05,285.75,1.0428857803344727,288.5166015625,360.5537109375
./test-clean\237\134493\237-134493-0005.flac,10.945,0.46199488639831543,0.04221058806745687,0.13333333333333333,272.1,1.671957015991211,288.5166015625,360.591796875
./test-clean\237\134493\237-134493-0006.flac,4.395,0.32600879669189453,0.07417720061249022,0.125,357.3,0.6721401214599609,288.5166015625,360.5537109375
./test-clean\237\134493\237-134493-0007.flac,2.035,0.20200157165527344,0.09926367157507293,0.8,409.75,0.31188011169433594,288.5166015625,360.5537109375
./test-clean\237\134493\237-134493-0008.flac,2.305,0.17299938201904297,0.0750539618303874,0.2,484.3,0.35332298278808594,288.5166015625,360.5537109375
./test-clean\237\134493\237-134493-0009.flac,2.975,0.2220010757446289,0.07462221033432904,0.2857142857142857,478.05,0.45573997497558594,288.5166015625,360.5537109375
./test-clean\237\134493\237-134493-0010.flac,2.875,0.20399808883666992,0.0709558569866678,0.42857142857142855,424.5,0.44005393981933594,288.5166015625,360.5537109375
./test-clean\237\134493\237-134493-0011.flac,5.035,0.38800764083862305,0.07706209351313267,0.1111111111111111,352.1,0.7701444625854492,288.5166015625,360.5537109375
./test-clean\237\134493\237-134493-0012.flac,3.66,0.2639944553375244,0.07212963260588098,0.07692307692307693,428.1,0.5598888397216797,288.5166015625,360.5537109375
./test-clean\237\134493\237-134493-0013.flac,4.09,0.25799989700317383,0.06308065941397893,0.16666666666666666,425.0,0.6257228851318359,288.5166015625,360.5537109375
./test-clean\237\134493\237-134493-0014.flac,3.7,0.2729940414428711,0.07378217336293813,0.08333333333333333,397.6,0.5660438537597656,288.5166015625,360.5537109375
./test-clean\237\134493\237-134493-0015.flac,6.55,0.3119924068450928,0.047632428525968364,0.125,364.4,1.0006704330444336,288.5166015625,360.5537109375
./test-clean\237\134493\237-134493-0016.flac,10.085,0.5059952735900879,0.05017305637978065,0.16666666666666666,248.45,1.5403175354003906,288.5166015625,360.626953125
./test-clean\237\134493\237-134493-0017.flac,9.105,0.4539933204650879,0.04986197918342536,0.2222222222222222,293.75,1.3907575607299805,288.5166015625,360.580078125
./test-clean\237\134493\237-134493-0018.flac,4.79,0.2949991226196289,0.061586455661717936,0.06666666666666667,339.35,0.7320661544799805,288.5166015625,360.5537109375
./test-clean\237\134500\237-134500-0000.flac,6.13,0.35099363327026367,0.057258341479651496,0.17647058823529413,305.2,0.9366865158081055,288.5166015625,360.5537109375
./test-clean\237\134500\237-134500-0001.flac,1.81,0.13199901580810547,0.0729276330431522,0.5,326.9,0.301177978515625,288.5166015625,360.5537109375
./test-clean\237\134500\237-134500-0002.flac,5.07,0.30800342559814453,0.06075018256373659,0.06666666666666667,398.15,0.7753210067749023,288.5166015625,360.5537109375
./test-clean\237\134500\237-134500-0003.flac,3.17,0.24799823760986328,0.07823288252677076,0.1111111111111111,421.9,0.4851207733154297,288.5166015625,360.5537109375
./test-clean\237\134500\237-134500-0004.flac,2.225,0.16000127792358398,0.07191068670722875,0.25,393.1,0.34087181091308594,288.5166015625,360.5537109375
./test-clean\237\134500\237-134500-0005.flac,2.39,0.23200058937072754,0.09707137630574374,0.1111111111111111,470.75,0.3660573959350586,288.5166015625,360.5537109375
./test-clean\237\134500\237-134500-0006.flac,4.225,0.27800703048706055,0.06580048058865338,0.15384615384615385,419.8,0.6468105316162109,288.5166015625,360.5537109375
./test-clean\237\134500\237-134500-0007.flac,2.39,0.22000336647033691,0.09205161777001544,0.1,420.95,0.3661050796508789,288.5166015625,360.5537109375
./test-clean\237\134500\237-134500-0008.flac,3.76,0.2930004596710205,0.07792565416782461,0.23076923076923078,426.15,0.5750446319580078,288.5166015625,360.5537109375
./test-clean\237\134500\237-134500-0009.flac,2.22,0.21698641777038574,0.09774162962629987,0.25,410.25,0.34010887145996094,288.5166015625,360.5537109375
./test-clean\237\134500\237-134500-0010.flac,3.995,0.29900431632995605,0.07484463487608412,0.07142857142857142,434.05,0.6112356185913086,288.5166015625,360.5537109375
./test-clean\237\134500\237-134500-0011.flac,3.35,0.2779974937438965,0.08298432649071537,0.16666666666666666,378.1,0.5125331878662109,288.5166015625,360.5537109375
./test-clean\237\134500\237-134500-0012.flac,10.935,0.5189938545227051,0.0474617150912396,0.12903225806451613,227.55,1.6700220108032227,288.5166015625,360.615234375
./test-clean\237\134500\237-134500-0013.flac,10.56,0.49199986457824707,0.046590896266879456,0.1111111111111111,256.65,1.6126976013183594,288.5166015625,360.615234375
./test-clean\237\134500\237-134500-0014.flac,4.25,0.2440018653869629,0.05741220362046186,0.2727272727272727,396.9,0.6501369476318359,288.5166015625,360.5537109375
./test-clean\237\134500\237-134500-0015.flac,10.815,0.5755131244659424,0.05321434345501086,0.20588235294117646,224.0,1.6516103744506836,288.5166015625,360.720703125
./test-clean\237\134500\237-134500-0016.flac,3.16,0.2669997215270996,0.08449358276174038,0.36363636363636365,421.6,0.48402976989746094,288.5166015625,360.5537109375
./test-clean\237\134500\237-134500-0017.flac,2.18,0.22299909591674805,0.10229316326456332,0.2222222222222222,408.9,0.3340616226196289,288.5166015625,360.5537109375
./test-clean\237\134500\237-134500-0018.flac,12.845,0.5850009918212891,0.04554309006004586,0.20588235294117646,248.7,1.961533546447754,288.5166015625,360.708984375
./test-clean\237\134500\237-134500-0019.flac,2.86,0.19899773597717285,0.06957962796404646,0.14285714285714285,377.15,0.4376211166381836,288.5166015625,360.5537109375
./test-clean\237\134500\237-134500-0020.flac,2.18,0.17799997329711914,0.08165136389776106,0.6666666666666666,476.25,0.33415794372558594,288.5166015625,360.5537109375
./test-clean\237\134500\237-134500-0021.flac,5.12,0.31200075149536133,0.06093764677643776,0.46153846153846156,414.35,0.7826137542724609,288.5166015625,360.5537109375
./test-clean\237\134500\237-134500-0022.flac,5.165,0.3509998321533203,0.06795737311777741,0.1,345.2,0.7898645401000977,288.5166015625,360.5537109375
./test-clean\237\134500\237-134500-0023.flac,3.06,0.247999906539917,0.08104572109147613,0.08333333333333333,393.75,0.4683361053466797,288.5166015625,360.5537109375
./test-clean\237\134500\237-134500-0024.flac,4.41,0.2860069274902344,0.06485417856921415,0.0625,393.25,0.6742763519287109,288.5166015625,360.5537109375
./test-clean\237\134500\237-134500-0025.flac,1.63,0.17599701881408691,0.10797363117428646,1.0,395.15,0.30313968658447266,288.5166015625,360.5537109375
./test-clean\237\134500\237-134500-0026.flac,3.05,0.23200130462646484,0.07606600151687372,0.1111111111111111,488.7,0.4669837951660156,288.5166015625,360.5537109375
./test-clean\237\134500\237-134500-0027.flac,3.27,0.2279980182647705,0.06972416460696346,0.14285714285714285,464.1,0.5003824234008789,288.5166015625,360.5537109375
./test-clean\237\134500\237-134500-0028.flac,4.5249375,0.3110053539276123,0.068731414285305,0.36363636363636365,386.9,0.6917181015014648,288.5166015625,360.5537109375
./test-clean\237\134500\237-134500-0029.flac,2.065,0.22699522972106934,0.10992505071238225,0.3333333333333333,426.45,0.31694602966308594,288.5166015625,360.5537109375
./test-clean\237\134500\237-134500-0030.flac,2.78,0.23399806022644043,0.08417196411023038,0.1,482.05,0.42598533630371094,288.5166015625,360.5537109375
./test-clean\237\134500\237-134500-0031.flac,10.61,0.6039988994598389,0.05692732322901403,0.15384615384615385,694.95,1.620321273803711,288.5166015625,360.732421875
./test-clean\237\134500\237-134500-0032.flac,5.025,0.28700709342956543,0.05711583948847073,0.13333333333333333,360.35,0.7682275772094727,288.5166015625,360.5537109375
./test-clean\237\134500\237-134500-0033.flac,6.35,0.3680002689361572,0.05795279825766256,0.11764705882352941,300.0,0.9703502655029297,288.5166015625,360.5537109375
./test-clean\237\134500\237-134500-0034.flac,3.075,0.18500161170959473,0.06016312575921779,0.4,422.4,0.47084617614746094,288.5166015625,360.5537109375
./test-clean\237\134500\237-134500-0035.flac,2.555,0.23099422454833984,0.09040869845336197,0.2222222222222222,742.0,0.39137840270996094,288.5166015625,360.5537109375
./test-clean\237\134500\237-134500-0036.flac,6.6,0.3769958019256592,0.0571205760493423,0.2631578947368421,746.85,1.008443832397461,288.5166015625,360.5537109375
./test-clean\237\134500\237-134500-0037.flac,7.105,0.38300013542175293,0.05390571927118268,0.2857142857142857,322.9,1.085653305053711,288.5166015625,360.5537109375
./test-clean\237\134500\237-134500-0038.flac,2.435,0.19300079345703125,0.07926110614251797,0.16666666666666666,365.6,0.37318992614746094,288.5166015625,360.5537109375
./test-clean\237\134500\237-134500-0039.flac,4.63,0.31299853324890137,0.06760227499976272,0.1875,413.15,0.7077493667602539,288.5166015625,360.5537109375
./test-clean\237\134500\237-134500-0040.flac,4.03,0.28200602531433105,0.06997668121943698,0.14285714285714285,404.5,0.6164455413818359,288.5166015625,360.5537109375
./test-clean\237\134500\237-134500-0041.flac,8.92,0.45899391174316406,0.05145671656313498,0.15384615384615385,263.75,1.362351417541504,288.5166015625,360.580078125
./test-clean\237\134500\237-134500-0042.flac,2.575,0.18900084495544434,0.07339838639046381,0.14285714285714285,407.25,0.3949546813964844,288.5166015625,360.5537109375
./test-clean\260\123286\260-123286-0000.flac,7.04,0.30699706077575684,0.04360753704201092,0.3333333333333333,413.15,1.0754423141479492,288.5166015625,360.5537109375
./test-clean\260\123286\260-123286-0001.flac,3.07,0.1659996509552002,0.05407154754241049,0.2,393.1,0.46980857849121094,288.5166015625,360.5537109375
./test-clean\260\123286\260-123286-0002.flac,9.985,0.47499918937683105,0.0475712758514603,0.10344827586206896,309.85,1.525594711303711,288.5166015625,360.591796875
./test-clean\260\123286\260-123286-0003.flac,7.37,0.40199995040893555,0.05454544781668053,0.29411764705882354,377.15,1.126211166381836,288.5166015625,366.8388671875
./test-clean\260\123286\260-123286-0004.flac,3.465,0.2200016975402832,0.06349255340267913,0.25,460.2,0.5302333831787109,288.5166015625,360.5537109375
./test-clean\260\123286\260-123286-0005.flac,4.81,0.3115098476409912,0.06476296208752416,0.1875,411.85,0.7353115081787109,288.5166015625,360.5537109375
./test-clean\260\123286\260-123286-0006.flac,7.405,0.4089996814727783,0.055232907693825564,0.11538461538461539,298.25,1.131277084350586,288.5166015625,360.5537109375
./test-clean\260\123286\260-123286-0007.flac,4.55,0.2900054454803467,0.06373746054513114,0.42857142857142855,368.25,0.6958723068237305,288.5166015625,360.5537109375
./test-clean\260\123286\260-123286-0008.flac,3.735,0.2419900894165039,0.06478984991071056,0.2222222222222222,409.4,0.5711355209350586,288.5166015625,360.5537109375
./test-clean\260\123286\260-123286-0009.flac,5.795,0.3169996738433838,0.054702273312059325,0.058823529411764705,398.15,0.8857669830322266,288.5166015625,360.5537109375
./test-clean\260\123286\260-123286-0010.flac,2.575,0.16999340057373047,0.06601685459173999,0.6666666666666666,395.15,0.3943309783935547,288.5166015625,360.5537109375
./test-clean\260\123286\260-123286-0011.flac,4.255,0.23299932479858398,0.054758948248785896,0.5714285714285714,484.1,0.6508998870849609,288.5166015625,360.5537109375
./test-clean\260\123286\260-123286-0012.flac,2.43,0.20399904251098633,0.08395022325554992,0.2857142857142857,451.9,0.3726491928100586,288.5166015625,360.5537109375
./test-clean\260\123286\260-123286-0013.flac,4.73,0.28799915313720703,0.06088777021928266,0.07142857142857142,467.15,0.7231044769287109,288.5166015625,360.5537109375
./test-clean\260\123286\260-123286-0014.flac,2.98,0.20599865913391113,0.0691270668234601,0.42857142857142855,417.45,0.45622825622558594,288.5166015625,360.5537109375
./test-clean\260\123286\260-123286-0015.flac,5.21,0.2990074157714844,0.05739105868934441,0.21428571428571427,427.6,0.7966213226318359,288.5166015625,360.5537109375
./test-clean\260\123286\260-123286-0016.flac,7.0,0.3599975109100342,0.051428215844290595,0.1875,312.5,1.069478988647461,288.5166015625,360.5537109375
./test-clean\260\123286\260-123286-0017.flac,3.975,0.237992525100708,0.05987233335866868,0.1,464.35,0.6079568862915039,288.5166015625,360.5537109375
./test-clean\260\123286\260-123286-0018.flac,5.67,0.30899739265441895,0.05449689464804567,0.11764705882352941,395.65,0.8664407730102539,288.5166015625,360.5537109375
./test-clean\260\123286\260-123286-0019.flac,11.905,0.48500847816467285,0.040739897367885164,0.1724137931034483,251.3,1.8184032440185547,288.5166015625,360.603515625
./test-clean\260\123286\260-123286-0020.flac,3.06,0.1819930076599121,0.05947483910454644,0.6666666666666666,409.45,0.4683361053466797,288.5166015625,360.5537109375
./test-clean\260\123286\260-123286-0021.flac,2.55,0.19300007820129395,0.07568630517697802,0.4,482.05,0.39046287536621094,288.5166015625,360.5537109375
./test-clean\260\123286\260-123286-0022.flac,3.235,0.23199963569641113,0.07171549789688134,0.25,474.1,0.49513816833496094,288.5166015625,360.5537109375
./test-clean\260\123286\260-123286-0023.flac,5.875,0.3600003719329834,0.06127665905242271,0.10526315789473684,341.65,0.8982887268066406,288.5166015625,360.5537109375
./test-clean\260\123286\260-123286-0024.flac,3.04,0.23099040985107422,0.07598368745101125,0.375,428.1,0.4653358459472656,288.5166015625,360.5537109375
./test-clean\260\123286\260-123286-0025.flac,9.205,0.46699976921081543,0.05073327204897506,0.12,558.0999999999999,1.405935287475586,288.5166015625,360.580078125
./test-clean\260\123286\260-123286-0026.flac,6.94,0.32200002670288086,0.04639769837217303,0.05263157894736842,359.4,1.060811996459961,288.5166015625,360.5537109375
./test-clean\260\123286\260-123286-0027.flac,7.17,0.39699363708496094,0.05536870810111031,0.09523809523809523,280.95,1.095749855041504,288.5166015625,360.5537109375
./test-clean\260\123286\260-123286-0028.flac,7.465,0.33499979972839355,0.04487606158451354,0.38095238095238093,350.15,1.1402387619018555,288.5166015625,360.5537109375
./test-clean\260\123286\260-123286-0029.flac,4.545,0.23399972915649414,0.05148508892332104,0.2,397.3,0.6948881149291992,288.5166015625,360.5537109375
./test-clean\260\123286\260-123286-0030.flac,7.53,0.38700079917907715,0.05139452844343654,0.4666666666666667,683.45,1.1503562927246094,288.5166015625,360.5537109375
./test-clean\260\123286\260-123286-0031.flac,5.06,0.2909989356994629,0.05750967108685038,0.18181818181818182,363.0,0.7737331390380859,288.5166015625,360.5537109375
./test-clean\260\123288\260-123288-0000.flac,3.04,0.19399285316467285,0.0638134385410108,0.2857142857142857,407.95,0.46538352966308594,288.5166015625,360.5537109375
./test-clean\260\123288\260-123288-0001.flac,5.08,0.28699827194213867,0.05649572282325564,0.4166666666666667,453.2,0.7764625549316406,288.5166015625,360.5537109375
./test-clean\260\123288\260-123288-0002.flac,7.25,0.3849925994873047,0.053102427515490304,0.11764705882352941,309.7,1.1077289581298828,288.5166015625,360.5537109375
./test-clean\260\123288\260-123288-0003.flac,8.905,0.40900731086730957,0.04593007421306115,0.17857142857142858,300.2,1.360433578491211,288.5166015625,360.5537109375
./test-clean\260\123288\260-123288-0004.flac,4.31,0.2200019359588623,0.05104453270507246,0.25,385.25,0.6590175628662109,288.5166015625,360.5537109375
./test-clean\260\123288\260-123288-0005.flac,12.55,0.6590063571929932,0.05251046670860503,0.20588235294117646,705.05,1.916494369506836,288.5166015625,360.767578125
./test-clean\260\123288\260-123288-0006.flac,4.88,0.23350167274475098,0.04784870343130143,0.1111111111111111,427.35,0.7458505630493164,288.5166015625,360.5537109375
./test-clean\260\123288\260-123288-0007.flac,11.2,0.49100780487060547,0.04383998257773263,0.15384615384615385,281.25,1.7107810974121094,288.5166015625,360.580078125
./test-clean\260\123288\260-123288-0008.flac,5.515,0.3059976100921631,0.05548460745098152,0.16666666666666666,339.35,0.8429393768310547,288.5166015625,360.5537109375
./test-clean\260\123288\260-123288-0009.flac,3.435,0.25599217414855957,0.0745246504071498,0.08333333333333333,405.3,0.5257472991943359,288.5166015625,360.5537109375
./test-clean\260\123288\260-123288-0010.flac,9.995,0.5580000877380371,0.0558279227351713,0.1935483870967742,229.35,1.526632308959961,288.5166015625,360.662109375
./test-clean\260\123288\260-123288-0011.flac,8.98,0.4770073890686035,0.05311886292523424,0.13333333333333333,268.2,1.371877670288086,288.5166015625,360.603515625
./test-clean\260\123288\260-123288-0012.flac,3.545,0.23199939727783203,0.06544411770883837,0.7142857142857143,393.95,0.5424404144287109,288.5166015625,360.5537109375
./test-clean\260\123288\260-123288-0013.flac,11.3850625,0.49899792671203613,0.043829177636226076,0.13333333333333333,279.7,1.73858642578125,288.5166015625,360.615234375
./test-clean\260\123288\260-123288-0014.flac,1.805,0.34999895095825195,0.19390523598795123,1.0,306.0,0.30408382415771484,288.5166015625,362.0185546875
./test-clean\260\123288\260-123288-0015.flac,21.185,0.8430008888244629,0.03979234783216724,0.09433962264150944,158.45,3.234419822692871,288.5166015625,361.02587890625
./test-clean\260\123288\260-123288-0016.flac,4.865,0.2669990062713623,0.05488160457787509,0.18181818181818182,405.3,0.7436075210571289,288.5166015625,360.5537109375
./test-clean\260\123288\260-123288-0017.flac,5.225,0.25199270248413086,0.04822826841801548,0.16666666666666666,396.5,0.7986993789672852,288.5166015625,360.5537109375
./test-clean\260\123288\260-123288-0018.flac,3.245,0.21500039100646973,0.0662558986152449,0.2222222222222222,415.65,0.49646854400634766,288.5166015625,360.5537109375
./test-clean\260\123288\260-123288-0019.flac,2.955,0.25,0.08460236886632826,0.25,475.0,0.45277976989746094,288.5166015625,360.5537109375
./test-clean\260\123288\260-123288-0020.flac,2.9,0.24599981307983398,0.0848275217516669,0.09090909090909091,924.2,0.44402122497558594,288.5166015625,360.5537109375
./test-clean\260\123288\260-123288-0021.flac,2.71,0.19000005722045898,0.07011072222157158,0.16666666666666666,446.45,0.41487693786621094,288.5166015625,360.5537109375
./test-clean\260\123288\260-123288-0022.flac,3.705,0.2750072479248047,0.07422597784745065,0.16666666666666666,478.75,0.5668544769287109,288.5166015625,360.5537109375
./test-clean\260\123288\260-123288-0023.flac,2.385,0.1669924259185791,0.07001778864510655,0.25,395.65,0.3657569885253906,288.5166015625,360.5537109375
./test-clean\260\123288\260-123288-0024.flac,14.595,0.6880061626434326,0.047139853555562355,0.2682926829268293,228.25,2.228384017944336,288.5166015625,360.826171875
./test-clean\260\123288\260-123288-0025.flac,13.445,0.704993486404419,0.05243536529597761,0.2222222222222222,237.75,2.0529165267944336,288.5166015625,360.861328125
./test-clean\260\123288\260-123288-0026.flac,16.04,0.7250072956085205,0.04519995608531924,0.21739130434782608,184.15,2.448873519897461,288.5166015625,360.88525390625
./test-clean\260\123288\260-123288-0027.flac,6.305,0.33099985122680664,0.052497993850405496,0.1875,354.9,0.9643516540527344,288.5166015625,360.5537109375
./test-clean\260\123288\260-123288-0028.flac,2.61,0.1809992790222168,0.06934838276713287,0.25,382.3,0.3994779586791992,288.5166015625,360.5537109375
./test-clean\260\123440\260-123440-0000.flac,2.165,0.20200014114379883,0.09330260560914495,0.14285714285714285,484.9,0.33171653747558594,288.5166015625,360.5537109375
./test-clean\260\123440\260-123440-0001.flac,1.74,0.14599967002868652,0.08390785633832559,0.5,485.5,0.30390453338623047,288.5166015625,360.5537109375
./test-clean\260\123440\260-123440-0002.flac,14.715,0.7460072040557861,0.05069705770001945,0.22727272727272727,212.5,2.246969223022461,288.5166015625,360.88525390625
./test-clean\260\123440\260-123440-0003.flac,3.585,0.2525007724761963,0.07043257251776744,0.2,431.25,0.5485439300537109,288.5166015625,360.5537109375
./test-clean\260\123440\260-123440-0004.flac,12.02,0.535999059677124,0.04459226785999368,0.21212121212121213,232.8,1.835470199584961,288.5166015625,360.673828125
./test-clean\260\123440\260-123440-0005.flac,3.105,0.21399927139282227,0.06892086035195565,0.625,420.95,0.47514915466308594,288.5166015625,360.5537109375
./test-clean\260\123440\260-123440-0006.flac,2.715,0.23400044441223145,0.0861880089916138,0.1111111111111111,487.45,0.41587352752685547,288.5166015625,360.5537109375
./test-clean\260\123440\260-123440-0007.flac,3.385,0.23599982261657715,0.06971929767107155,0.1,475.4,0.5178279876708984,288.5166015625,360.5537109375
./test-clean\260\123440\260-123440-0008.flac,3.745,0.2730073928833008,0.0728991703293193,0.08333333333333333,456.95,0.5730113983154297,288.5166015625,360.5537109375
./test-clean\260\123440\260-123440-0009.flac,3.115,0.21999287605285645,0.07062371622884636,0.2222222222222222,476.95000000000005,0.4765348434448242,288.5166015625,360.5537109375
./test-clean\260\123440\260-123440-0010.flac,8.315,0.34800052642822266,0.041852137874711086,0.05,388.35,1.270895004272461,288.5166015625,360.5537109375
./test-clean\260\123440\260-123440-0011.flac,4.87,0.3480064868927002,0.07145923755496923,0.26666666666666666,334.8,0.7446193695068359,288.5166015625,360.5537109375
./test-clean\260\123440\260-123440-0012.flac,5.245,0.3290066719055176,0.0627276781516716,0.26666666666666666,387.05,0.8015909194946289,288.5166015625,360.5537109375
./test-clean\260\123440\260-123440-0013.flac,3.475,0.22099924087524414,0.06359690384899112,0.3,417.4,0.5317592620849609,288.5166015625,360.5537109375
./test-clean\260\123440\260-123440-0014.flac,3.815,0.23600053787231445,0.06186121569392253,0.1111111111111111,494.1,0.5837612152099609,288.5166015625,360.5537109375
./test-clean\260\123440\260-123440-0015.flac,6.2,0.34401607513427734,0.055486463731335055,0.05263157894736842,379.25,0.9474086761474609,288.5166015625,360.5537109375
./test-clean\260\123440\260-123440-0016.flac,4.895,0.3169994354248047,0.06475984380486306,0.25,399.40000000000003,0.7484340667724609,288.5166015625,360.5537109375
./test-clean\260\123440\260-123440-0017.flac,3.07,0.21600008010864258,0.07035833228294547,0.1111111111111111,413.8,0.46980857849121094,288.5166015625,360.5537109375
./test-clean\260\123440\260-123440-0018.flac,3.64,0.26200175285339355,0.07197850353115208,0.3,477.6,0.5571680068969727,288.5166015625,360.5537109375
./test-clean\260\123440\260-123440-0019.flac,6.63,0.35899996757507324,0.054147808080704865,0.047619047619047616,325.5,1.0128812789916992,288.5166015625,360.5537109375
./test-clean\260\123440\260-123440-0020.flac,4.995,0.2940070629119873,0.058860272855252714,0.3076923076923077,384.05,0.7635402679443359,288.5166015625,360.5537109375
./test-clean\61\70968\61-70968-0000.flac,4.905,0.28799962997436523,0.05871552089181758,0.058823529411764705,386.45,0.7502546310424805,288.5166015625,360.5537109375
./test-clean\61\70968\61-70968-0001.flac,3.61,0.2640063762664795,0.07313196018462036,0.3,408.25,0.5526065826416016,288.5166015625,360.5537109375
./test-clean\61\70968\61-70968-0002.flac,2.97,0.19699931144714355,0.06632973449398773,0.14285714285714285,377.15,0.45470237731933594,288.5166015625,360.5537109375
./test-clean\61\70968\61-70968-0003.flac,4.315,0.32200074195861816,0.07462357866943642,0.26666666666666666,416.85,0.6595907211303711,288.5166015625,360.5537109375
./test-clean\61\70968\61-70968-0004.flac,3.885,0.26199889183044434,0.06743858219573858,0.18181818181818182,436.3,0.5941677093505859,288.5166015625,360.5537109375
./test-clean\61\70968\61-70968-0005.flac,5.07,0.31599879264831543,0.06232717803714308,0.25,351.95,0.7754116058349609,288.5166015625,360.5537109375
./test-clean\61\70968\61-70968-0006.flac,2.935,0.2609994411468506,0.08892655575701894,0.09090909090909091,440.55,0.4491615295410156,288.5166015625,360.5537109375
./test-clean\61\70968\61-70968-0007.flac,3.55,0.21499872207641602,0.06056302030321578,0.2857142857142857,419.3,0.5432109832763672,288.5166015625,360.5537109375
./test-clean\61\70968\61-70968-0008.flac,3.535,0.29200291633605957,0.08260337095786692,0.07142857142857142,444.55,0.5408153533935547,288.5166015625,360.5537109375
./test-clean\61\70968\61-70968-0009.flac,4.51,0.26500463485717773,0.05875934254039418,0.2727272727272727,425.85,0.6898097991943359,288.5166015625,360.5537109375
./test-clean\61\70968\61-70968-0010.flac,8.295,0.4799983501434326,0.05786598555074534,0.25,256.65,1.2670392990112305,288.5166015625,360.591796875
./test-clean\61\70968\61-70968-0011.flac,6.375,0.43899989128112793,0.0688627280440985,0.13043478260869565,262.2,0.9741115570068359,288.5166015625,360.5537109375
./test-clean\61\70968\61-70968-0012.flac,2.61,0.23399949073791504,0.08965497729422033,0.6666666666666666,420.65,0.3996267318725586,288.5166015625,360.5537109375
./test-clean\61\70968\61-70968-0013.flac,4.45,0.3130075931549072,0.07033878497863083,0.16666666666666666,424.3,0.6808986663818359,288.5166015625,360.5537109375
./test-clean\61\70968\61-70968-0014.flac,7.485,0.4850006103515625,0.06479634072833167,0.25,253.4,1.1432905197143555,288.5166015625,360.591796875
./test-clean\61\70968\61-70968-0015.flac,5.375,0.3035001754760742,0.05646514892578125,0.38461538461538464,345.55,0.8214826583862305,288.5166015625,360.5537109375
./test-clean\61\70968\61-70968-0016.flac,3.72,0.28900694847106934,0.07769003991157777,0.07692307692307693,410.0,0.5688943862915039,288.5166015625,360.5537109375
./test-clean\61\70968\61-70968-0017.flac,5.11,0.3400001525878906,0.06653623338314885,0.05555555555555555,331.1,0.7816190719604492,288.5166015625,360.5537109375
./test-clean\61\70968\61-70968-0018.flac,2.405,0.19199323654174805,0.07983086758492643,0.3333333333333333,375.3,0.3683433532714844,288.5166015625,360.5537109375
./test-clean\61\70968\61-70968-0019.flac,5.475,0.30299997329711914,0.05534246087618615,0.38461538461538464,435.5,0.8366861343383789,288.5166015625,360.5537109375
./test-clean\61\70968\61-70968-0020.flac,5.105,0.3249998092651367,0.06366303805389553,0.38461538461538464,325.3,0.7809200286865234,288.5166015625,360.5537109375
./test-clean\61\70968\61-70968-0021.flac,2.69,0.18800020217895508,0.06988855099589408,0.14285714285714285,401.05,0.41209983825683594,288.5166015625,360.5537109375
./test-clean\61\70968\61-70968-0022.flac,4.67,0.2870011329650879,0.061456345388669786,0.46153846153846156,436.65,0.7141017913818359,288.5166015625,360.5537109375
./test-clean\61\70968\61-70968-0023.flac,5.025,0.3309922218322754,0.0658690988720946,0.11764705882352941,343.0,0.7679243087768555,288.5166015625,360.5537109375
./test-clean\61\70968\61-70968-0024.flac,6.025,0.333005428314209,0.0552706105085824,0.2777777777777778,340.6,0.9207057952880859,288.5166015625,360.5537109375
./test-clean\61\70968\61-70968-0025.flac,4.41,0.2940030097961426,0.06666734916012303,0.3333333333333333,446.45000000000005,0.6745100021362305,288.5166015625,360.5537109375
./test-clean\61\70968\61-70968-0026.flac,4.92,0.3649942874908447,0.0741858307908221,0.09523809523809523,291.65,0.7520961761474609,288.5166015625,360.5537109375
./test-clean\61\70968\61-70968-0027.flac,6.87,0.42400026321411133,0.061717651122869185,0.08695652173913043,292.5,1.0498485565185547,288.5166015625,360.5537109375
./test-clean\61\70968\61-70968-0028.flac,5.355,0.3639991283416748,0.06797369343448642,0.26666666666666666,320.85,0.8183813095092773,288.5166015625,360.5537109375
./test-clean\61\70968\61-70968-0029.flac,3.495,0.2590014934539795,0.07410629283375665,0.08333333333333333,431.25,0.5349330902099609,288.5166015625,360.5537109375
./test-clean\61\70968\61-70968-0030.flac,5.685,0.339005708694458,0.059631611028048905,0.47058823529411764,324.75,0.8692226409912109,288.5166015625,360.5537109375
./test-clean\61\70968\61-70968-0031.flac,2.925,0.2109990119934082,0.07213641435672076,0.4,430.05,0.44768333435058594,288.5166015625,360.5537109375
./test-clean\61\70968\61-70968-0032.flac,4.28,0.3410000801086426,0.07967291591323425,0.25,377.0,0.6544961929321289,288.5166015625,360.5537109375
./test-clean\61\70968\61-70968-0033.flac,5.685,0.3509969711303711,0.06174089201941445,0.10526315789473684,349.75,0.8689069747924805,288.5166015625,360.5537109375
./test-clean\61\70968\61-70968-0034.flac,4.23,0.2739996910095215,0.06477534066418947,0.625,389.25,0.6467142105102539,288.5166015625,360.5537109375
./test-clean\61\70968\61-70968-0035.flac,7.95,0.4839942455291748,0.060879779311845884,0.32,259.35,1.214834213256836,288.5166015625,360.591796875
./test-clean\61\70968\61-70968-0036.flac,2.9349375,0.21699810028076172,0.07393619124112923,0.2857142857142857,419.3,0.4491996765136719,288.5166015625,360.5537109375
./test-clean\61\70968\61-70968-0037.flac,4.315,0.2920043468475342,0.06767192279201255,0.4,436.65,0.6601171493530273,288.5166015625,360.5537109375
./test-clean\61\70968\61-70968-0038.flac,2.05,0.15999221801757812,0.0780449843988186,0.5,385.6,0.3992643356323242,288.5166015625,360.5537109375
./test-clean\61\70968\61-70968-0039.flac,3.805,0.2720062732696533,0.0714865369959667,0.3333333333333333,451.55,0.5823163986206055,288.5166015625,360.5537109375
./test-clean\61\70968\61-70968-0040.flac,3.95,0.2709941864013672,0.06860612313958663,0.16666666666666666,421.6,0.6042385101318359,288.5166015625,360.5537109375
./test-clean\61\70968\61-70968-0041.flac,6.825,0.44199037551879883,0.06476049458150898,0.2916666666666667,256.95,1.043050765991211,288.5166015625,360.5537109375
./test-clean\61\70968\61-70968-0042.flac,2.785,0.26200270652770996,0.09407637577296588,0.2,399.45,0.4263772964477539,288.5166015625,360.5537109375
./test-clean\61\70968\61-70968-0043.flac,6.735,0.38399839401245117,0.057015351746466394,0.1875,295.85,1.029043197631836,288.5166015625,360.5537109375
./test-clean\61\70968\61-70968-0044.flac,2.77,0.2409992218017578,0.08700332917030967,0.09090909090909091,406.25,0.42403221130371094,288.5166015625,360.5537109375
./test-clean\61\70968\61-70968-0045.flac,3.475,0.24899983406066895,0.07165462850666732,0.1,456.25,0.5319375991821289,288.5166015625,360.5537109375
./test-clean\61\70968\61-70968-0046.flac,3.55,0.27800703048706055,0.07831183957381987,0.5,436.5,0.5430507659912109,288.5166015625,360.5537109375
./test-clean\61\70968\61-70968-0047.flac,4.775,0.35900020599365234,0.07518328921333033,0.2,312.5,0.7300329208374023,288.5166015625,360.5537109375
./test-clean\61\70968\61-70968-0048.flac,3.02,0.21550774574279785,0.07136018070953572,0.1111111111111111,430.05,0.4622325897216797,288.5166015625,360.5537109375
./test-clean\61\70968\61-70968-0049.flac,8.25,0.5299997329711914,0.06424239187529593,0.36363636363636365,378.9,1.260488510131836,288.5166015625,367.6767578125
./test-clean\61\70968\61-70968-0050.flac,5.58,0.3650074005126953,0.06541351263668374,0.1,369.95,0.8534450531005859,288.5166015625,360.5537109375
./test-clean\61\70968\61-70968-0051.flac,3.135,0.2390000820159912,0.076236070818498,0.3333333333333333,400.0,0.4796791076660156,288.5166015625,360.5537109375
./test-clean\61\70968\61-70968-0052.flac,2.65,0.2390003204345703,0.0901888001639888,0.1111111111111111,450.7,0.4057302474975586,288.5166015625,360.5537109375
./test-clean\61\70968\61-70968-0053.flac,4.22,0.28000450134277344,0.0663517775693776,0.5555555555555556,418.35,0.6454153060913086,288.5166015625,360.5537109375
./test-clean\61\70968\61-70968-0054.flac,7.86,0.5240061283111572,0.06666744635002,0.06666666666666667,235.4,1.200704574584961,288.5166015625,360.638671875
./test-clean\61\70968\61-70968-0055.flac,3.965,0.28099966049194336,0.07087002786682052,0.23076923076923078,411.5,0.6063833236694336,288.5166015625,360.5537109375
./test-clean\61\70968\61-70968-0056.flac,3.565,0.28000473976135254,0.0785427040003794,0.16666666666666666,417.05,0.5453395843505859,288.5166015625,360.5537109375
./test-clean\61\70968\61-70968-0057.flac,5.065,0.31599926948547363,0.06238879950354859,0.21428571428571427,384.4,0.7745084762573242,288.5166015625,360.5537109375
./test-clean\61\70968\61-70968-0058.flac,1.82,0.20199370384216309,0.11098555156162807,0.2,401.05,0.311004638671875,288.5166015625,360.5537109375
./test-clean\61\70968\61-70968-0059.flac,2.17,0.24299955368041992,0.11198136114305066,0.42857142857142855,920.2,0.33247947692871094,288.5166015625,360.5537109375
./test-clean\61\70968\61-70968-0060.flac,3.735,0.25699639320373535,0.06880760192871094,0.18181818181818182,455.25,0.5714321136474609,288.5166015625,360.5537109375
./test-clean\61\70968\61-70968-0061.flac,5.53,0.3249998092651367,0.058770309089536475,0.3333333333333333,359.65,0.8454494476318359,288.5166015625,360.5537109375
./test-clean\61\70968\61-70968-0062.flac,2.555,0.19499969482421875,0.07632081989206213,0.42857142857142855,417.8,0.3914785385131836,288.5166015625,360.5537109375
./test-clean\61\70970\61-70970-0000.flac,6.075,0.410999059677124,0.06765416620199573,0.18181818181818182,318.4,0.9283351898193359,288.5166015625,360.5537109375
./test-clean\61\70970\61-70970-0001.flac,6.155,0.3580009937286377,0.058164255682963066,0.35294117647058826,310.35,0.9405422210693359,288.5166015625,360.5537109375
./test-clean\61\70970\61-70970-0002.flac,4.165,0.28499889373779297,0.068427105339206,0.25,414.25,0.6373195648193359,288.5166015625,360.5537109375
./test-clean\61\70970\61-70970-0003.flac,3.835,0.25899267196655273,0.06753394314642835,0.36363636363636365,436.3,0.5867137908935547,288.5166015625,360.5537109375
./test-clean\61\70970\61-70970-0004.flac,10.515,0.563992977142334,0.053636992595561955,0.20588235294117646,224.8,1.6059837341308594,288.5166015625,360.697265625
./test-clean\61\70970\61-70970-0005.flac,2.02,0.16900038719177246,0.08366355801572894,0.6666666666666666,395.15,0.3096952438354492,288.5166015625,360.5537109375
./test-clean\61\70970\61-70970-0006.flac,2.335,0.21499896049499512,0.09207664261027629,0.5,492.3,0.35793113708496094,288.5166015625,360.5537109375
./test-clean\61\70970\61-70970-0007.flac,4.485,0.3470752239227295,0.07738578013884714,0.058823529411764705,382.65,0.6858730316162109,288.5166015625,360.5537109375
./test-clean\61\70970\61-70970-0008.flac,2.15,0.16090869903564453,0.07484125536541607,0.25,388.15,0.32991600036621094,288.5166015625,360.5537109375
./test-clean\61\70970\61-70970-0009.flac,3.405,0.2670011520385742,0.07841443525361945,0.2,956.3,0.5210781097412109,288.5166015625,360.5537109375
./test-clean\61\70970\61-70970-0010.flac,3.045,0.25599169731140137,0.0840695229265686,0.45454545454545453,431.25,0.46626853942871094,288.5166015625,360.5537109375
./test-clean\61\70970\61-70970-0011.flac,6.075,0.32599925994873047,0.0536624296211902,0.4666666666666667,331.1,0.9281911849975586,288.5166015625,360.5537109375
./test-clean\61\70970\61-70970-0012.flac,3.135,0.24199962615966797,0.07719286320882551,0.16666666666666666,431.25,0.47987937927246094,288.5166015625,360.5537109375
./test-clean\61\70970\61-70970-0013.flac,4.35,0.29600048065185547,0.06804608750617368,0.2,413.0,0.6649770736694336,288.5166015625,360.5537109375
./test-clean\61\70970\61-70970-0014.flac,3.405,0.26199913024902344,0.07694541270162215,0.18181818181818182,433.35,0.5212621688842773,288.5166015625,360.5537109375
./test-clean\61\70970\61-70970-0015.flac,8.415,0.4609999656677246,0.054783121291470546,0.2,264.85,1.2853002548217773,288.5166015625,360.580078125
./test-clean\61\70970\61-70970-0016.flac,4.37,0.3520047664642334,0.08055028980874906,0.10526315789473684,322.5,0.6681728363037109,288.5166015625,360.5537109375
./test-clean\61\70970\61-70970-0017.flac,2.55,0.20200014114379883,0.07921574162501915,0.125,404.1,0.3905191421508789,288.5166015625,360.5537109375
./test-clean\61\70970\61-70970-0018.flac,4.6,0.2795083522796631,0.06076268527818763,0.07142857142857142,447.6,0.7035427093505859,288.5166015625,360.5537109375
./test-clean\61\70970\61-70970-0019.flac,3.78,0.2740001678466797,0.072486816890656,0.16666666666666666,382.3,0.5781545639038086,288.5166015625,360.5537109375
./test-clean\61\70970\61-70970-0020.flac,5.025,0.2820005416870117,0.05611951078348491,0.25,414.25,0.7685585021972656,288.5166015625,360.5537109375
./test-clean\61\70970\61-70970-0021.flac,5.405,0.333071231842041,0.06162279960074764,0.05555555555555555,342.95,0.8259077072143555,288.5166015625,360.5537109375
./test-clean\61\70970\61-70970-0022.flac,3.97,0.24392175674438477,0.06144124855022286,0.1,427.35,0.6075649261474609,288.5166015625,360.5537109375
./test-clean\61\70970\61-70970-0023.flac,3.705,0.2499990463256836,0.06747612586388221,0.5,425.0,0.5666055679321289,288.5166015625,360.5537109375
./test-clean\61\70970\61-70970-0024.flac,7.235,0.4490072727203369,0.062060438523889,0.2608695652173913,752.9000000000001,1.1055431365966797,288.5166015625,360.5537109375
./test-clean\61\70970\61-70970-0025.flac,7.435,0.4879932403564453,0.06563459856845263,0.0967741935483871,290.95,1.1359081268310547,288.5166015625,360.615234375
./test-clean\61\70970\61-70970-0026.flac,5.475,0.3740067481994629,0.06831173483095213,0.15789473684210525,318.75,0.8370571136474609,288.5166015625,360.5537109375
./test-clean\61\70970\61-70970-0027.flac,5.08,0.2500004768371582,0.049212692290779174,0.07692307692307693,428.1,0.7766151428222656,288.5166015625,360.5537109375
./test-clean\61\70970\61-70970-0028.flac,6.55,0.4139997959136963,0.0632060757120147,0.16,299.9,1.0007667541503906,288.5166015625,360.5537109375
./test-clean\61\70970\61-70970-0029.flac,4.03,0.30299806594848633,0.07518562430483532,0.18181818181818182,370.9,0.6164455413818359,288.5166015625,360.5537109375
./test-clean\61\70970\61-70970-0030.flac,3.24,0.2239999771118164,0.0691357954048816,0.375,414.0,0.49602317810058594,288.5166015625,360.5537109375
./test-clean\61\70970\61-70970-0031.flac,5.135,0.3359994888305664,0.06543320133019793,0.15789473684210525,397.75,0.7851467132568359,288.5166015625,360.5537109375
./test-clean\61\70970\61-70970-0032.flac,3.135,0.20599937438964844,0.06570952931089265,0.375,388.85,0.47987937927246094,288.5166015625,360.5537109375
./test-clean\61\70970\61-70970-0033.flac,3.42,0.2850010395050049,0.08333363728216517,0.45454545454545453,453.2,0.5232143402099609,288.5166015625,360.5537109375
./test-clean\61\70970\61-70970-0034.flac,4.485,0.26900506019592285,0.05997883170477655,0.6666666666666666,425.85,0.6866893768310547,288.5166015625,360.5537109375
./test-clean\61\70970\61-70970-0035.flac,7.405,0.4179997444152832,0.05644831119720232,0.08695652173913043,259.2,1.1313304901123047,288.5166015625,360.5537109375
./test-clean\61\70970\61-70970-0036.flac,6.785,0.3759934902191162,0.055415400179678144,0.2,300.0,1.036672592163086,288.5166015625,360.5537109375
./test-clean\61\70970\61-70970-0037.flac,5.98,0.38399839401245117,0.0642137782629517,0.375,343.75,0.9139919281005859,288.5166015625,360.5537109375
./test-clean\61\70970\61-70970-0038.flac,10.4,0.6300048828125,0.060577392578125,0.20512820512820512,187.7,1.588552474975586,288.5166015625,360.767578125
./test-clean\61\70970\61-70970-0039.flac,6.665,0.4029998779296875,0.06046509796394411,0.16666666666666666,302.1,1.018514633178711,288.5166015625,360.5537109375
./test-clean\61\70970\61-70970-0040.flac,4.165,0.2759997844696045,0.06626645485464694,0.36363636363636365,396.5,0.6368923187255859,288.5166015625,360.5537109375
./test-clean\672\122797\672-122797-0000.flac,4.07,0.23299121856689453,0.05724599964788563,0.4,393.95,0.6223964691162109,288.5166015625,360.5537109375
./test-clean\672\122797\672-122797-0001.flac,15.13,0.6984224319458008,0.046161429738651734,0.16666666666666666,789.6500000000001,2.3102521896362305,288.5166015625,370.61083984375
./test-clean\672\122797\672-122797-0002.flac,13.62,0.5730080604553223,0.04207107639172704,0.05405405405405406,743.65,2.079514503479004,288.5166015625,360.697265625
./test-clean\672\122797\672-122797-0003.flac,4.76,0.23499417304992676,0.049368523749984614,0.09090909090909091,474.3,0.7277917861938477,288.5166015625,360.5537109375
./test-clean\672\122797\672-122797-0004.flac,10.25,0.46800708770751953,0.045659228069026295,0.25,282.1,1.5654430389404297,288.5166015625,360.556640625
./test-clean\672\122797\672-122797-0005.flac,3.26,0.1920454502105713,0.05890964730385623,0.3333333333333333,407.25,0.49956321716308594,288.5166015625,360.5537109375
./test-clean\672\122797\672-122797-0006.flac,13.95,0.4680013656616211,0.0335484849936646,0.3333333333333333,308.15,2.1299238204956055,288.5166015625,360.568359375
./test-clean\672\122797\672-122797-0007.flac,6.42,0.30499911308288574,0.04750765001291055,0.2857142857142857,343.05,0.9809780120849609,288.5166015625,360.5537109375
./test-clean\672\122797\672-122797-0008.flac,30.81,1.0629992485046387,0.03450176074341573,0.21739130434782608,180.8,4.702605247497559,288.5166015625,380.6708984375
./test-clean\672\122797\672-122797-0009.flac,2.765,0.18600010871887207,0.06726947874100256,0.16666666666666666,642.25,0.42354393005371094,288.5166015625,360.5537109375
./test-clean\672\122797\672-122797-0010.flac,3.815,0.3000028133392334,0.07863769681238097,0.7142857142857143,506.55,0.5834865570068359,288.5166015625,360.5537109375
./test-clean\672\122797\672-122797-0011.flac,2.54,0.17599964141845703,0.06929119740884135,0.4,402.05,0.38908958435058594,288.5166015625,360.5537109375
./test-clean\672\122797\672-122797-0012.flac,7.765,0.37000012397766113,0.04764972620446377,0.29411764705882354,354.15,1.186208724975586,288.5166015625,360.5537109375
./test-clean\672\122797\672-122797-0013.flac,8.705,0.352999210357666,0.040551316525866285,0.16666666666666666,327.7,1.3301219940185547,288.5166015625,360.5537109375
./test-clean\672\122797\672-122797-0014.flac,2.555,0.19000029563903809,0.07436410788220668,0.14285714285714285,396.9,0.3912792205810547,288.5166015625,360.5537109375
./test-clean\672\122797\672-122797-0015.flac,4.455,0.28000688552856445,0.06285227509058686,0.16666666666666666,443.25,0.6811428070068359,288.5166015625,360.5537109375
./test-clean\672\122797\672-122797-0016.flac,9.215,0.36100172996520996,0.039175445465568094,0.29411764705882354,332.95,1.407857894897461,288.5166015625,360.5537109375
./test-clean\672\122797\672-122797-0017.flac,4.82,0.24900007247924805,0.051659766074532786,0.3333333333333333,428.1,0.7371120452880859,288.5166015625,360.5537109375
./test-clean\672\122797\672-122797-0018.flac,4.93,0.2710072994232178,0.05497105464973992,0.3,417.05,0.7537746429443359,288.5166015625,360.5537109375
./test-clean\672\122797\672-122797-0019.flac,4.11,0.18999624252319336,0.046227796234353614,0.16666666666666666,411.4,0.6288442611694336,288.5166015625,360.5537109375
./test-clean\672\122797\672-122797-0020.flac,8.825,0.3570067882537842,0.04045402699759595,0.10526315789473684,385.2,1.347951889038086,288.5166015625,360.5537109375
./test-clean\672\122797\672-122797-0021.flac,4.15,0.2599945068359375,0.06264927875564759,0.07692307692307693,422.95,0.6350307464599609,288.5166015625,360.5537109375
./test-clean\672\122797\672-122797-0022.flac,19.0049375,0.8180067539215088,0.043041801843416154,0.12,174.15,2.901287078857422,288.5166015625,361.00244140625
./test-clean\672\122797\672-122797-0023.flac,9.6950625,0.4180002212524414,0.04311475261272853,0.12,331.70000000000005,1.4808225631713867,288.5166015625,360.5537109375
./test-clean\672\122797\672-122797-0024.flac,4.13,0.2070000171661377,0.05012106953175247,0.14285714285714285,419.5,0.6314611434936523,288.5166015625,360.5537109375
./test-clean\672\122797\672-122797-0025.flac,10.69,0.5349981784820557,0.05004660229018294,0.15625,275.15,1.632802963256836,288.5166015625,360.638671875
./test-clean\672\122797\672-122797-0026.flac,13.96,0.559999942779541,0.04011460908162901,0.16666666666666666,230.35,2.131643295288086,288.5166015625,360.662109375
./test-clean\672\122797\672-122797-0027.flac,4.79,0.26000046730041504,0.05427984703557725,0.3,415.7,0.7322597503662109,288.5166015625,360.5537109375
./test-clean\672\122797\672-122797-0028.flac,2.61,0.18799948692321777,0.07203045475985356,0.2,378.15,0.39977073669433594,288.5166015625,360.5537109375
./test-clean\672\122797\672-122797-0029.flac,3.05,0.2030012607574463,0.06655779041227748,0.16666666666666666,481.05,0.46751976013183594,288.5166015625,360.5537109375
./test-clean\672\122797\672-122797-0030.flac,4.575,0.2720060348510742,0.05945487100569928,0.07692307692307693,486.55,0.6994533538818359,288.5166015625,360.5537109375
./test-clean\672\122797\672-122797-0031.flac,3.98,0.24000096321105957,0.06030174955051748,0.5,427.35,0.6086721420288086,288.5166015625,360.5537109375
./test-clean\672\122797\672-122797-0032.flac,4.0,0.24199342727661133,0.06049835681915283,0.18181818181818182,459.4,0.6116676330566406,288.5166015625,360.5537109375
./test-clean\672\122797\672-122797-0033.flac,1.285,0.1490004062652588,0.11595362355273059,0.5,432.9,0.3027687072753906,288.5166015625,360.5537109375
./test-clean\672\122797\672-122797-0034.flac,5.11,0.29299283027648926,0.057337148782091826,0.15384615384615385,458.75,0.7809476852416992,288.5166015625,360.5537109375
./test-clean\672\122797\672-122797-0035.flac,2.9,0.19727444648742676,0.06802567120256095,0.14285714285714285,458.3,0.44386863708496094,288.5166015625,360.5537109375
./test-clean\672\122797\672-122797-0036.flac,5.365,0.28400707244873047,0.052937012571990766,0.3,460.35,0.8200540542602539,288.5166015625,360.5537109375
./test-clean\672\122797\672-122797-0037.flac,1.96,0.19300031661987305,0.0984695492958536,0.16666666666666666,396.9,0.30353450775146484,288.5166015625,360.5537109375
./test-clean\672\122797\672-122797-0038.flac,8.8,0.42799878120422363,0.04863622513684359,0.2857142857142857,324.65,1.344289779663086,288.5166015625,360.5537109375
./test-clean\672\122797\672-122797-0039.flac,4.025,0.26000022888183594,0.06459633015697787,0.3333333333333333,425.0,0.6154842376708984,288.5166015625,360.5537109375
./test-clean\672\122797\672-122797-0040.flac,5.125,0.25699949264526367,0.05014624246736852,0.08333333333333333,405.3,0.7833766937255859,288.5166015625,360.5537109375
./test-clean\672\122797\672-122797-0041.flac,3.88,0.28099966049194336,0.07242259291029468,0.2,428.15,0.5938320159912109,288.5166015625,360.5537109375
./test-clean\672\122797\672-122797-0042.flac,15.31,0.46099281311035156,0.030110569112367834,0.13793103448275862,266.5,2.337484359741211,288.5166015625,360.580078125
./test-clean\672\122797\672-122797-0043.flac,3.78,0.24099969863891602,0.06375653403145927,0.25,427.35,0.5787944793701172,288.5166015625,360.5537109375
./test-clean\672\122797\672-122797-0044.flac,3.74,0.2349996566772461,0.0628341328014027,0.1111111111111111,460.75,0.5719995498657227,288.5166015625,360.5537109375
./test-clean\672\122797\672-122797-0045.flac,13.96,0.6200058460235596,0.044413026219452686,0.125,714.1,2.131765365600586,288.5166015625,360.720703125
./test-clean\672\122797\672-122797-0046.flac,4.715,0.2599945068359375,0.05514199508715536,0.4444444444444444,411.2,0.7209682464599609,288.5166015625,360.5537109375
./test-clean\672\122797\672-122797-0047.flac,3.325,0.197998046875,0.059548284774436085,0.3333333333333333,411.8,0.5087184906005859,288.5166015625,360.5537109375
./test-clean\672\122797\672-122797-0048.flac,6.555,0.25999951362609863,0.039664304138230154,0.08333333333333333,487.55,1.001729965209961,288.5166015625,360.5537109375
./test-clean\672\122797\672-122797-0049.flac,2.02,0.15699982643127441,0.07772268635211604,1.0,385.6,0.3097219467163086,288.5166015625,360.5537109375
./test-clean\672\122797\672-122797-0050.flac,4.855,0.2800018787384033,0.0576728895444703,0.2727272727272727,464.3,0.7420816421508789,288.5166015625,360.5537109375
./test-clean\672\122797\672-122797-0051.flac,4.665,0.2509903907775879,0.053802870477510804,0.3,425.0,0.7133388519287109,288.5166015625,360.5537109375
./test-clean\672\122797\672-122797-0052.flac,4.285,0.22699999809265137,0.0529754954708638,0.1111111111111111,428.85,0.6552028656005859,288.5166015625,360.5537109375
./test-clean\672\122797\672-122797-0053.flac,2.955,0.18599987030029297,0.0629441185449384,0.2,434.5,0.4526958465576172,288.5166015625,360.5537109375
./test-clean\672\122797\672-122797-0054.flac,4.25,0.22299981117248535,0.05247054380529067,0.125,478.05,0.6498680114746094,288.5166015625,360.5537109375
./test-clean\672\122797\672-122797-0055.flac,8.23,0.40300726890563965,0.048968076416238106,0.13043478260869565,352.15,1.2577781677246094,288.5166015625,360.5537109375
./test-clean\672\122797\672-122797-0056.flac,5.225,0.2319941520690918,0.04440079465437164,0.09090909090909091,424.0,0.7986440658569336,288.5166015625,360.5537109375
./test-clean\672\122797\672-122797-0057.flac,6.56,0.22700047492980957,0.03460373093442219,0.42857142857142855,448.8,1.002614974975586,288.5166015625,360.5537109375
./test-clean\672\122797\672-122797-0058.flac,4.47,0.27300024032592773,0.06107387926754536,0.5714285714285714,445.15,0.6835842132568359,288.5166015625,360.5537109375
./test-clean\672\122797\672-122797-0059.flac,3.52,0.17899465560913086,0.05085075443441218,0.16666666666666666,457.65000000000003,0.5384731292724609,288.5166015625,360.5537109375
./test-clean\672\122797\672-122797-0060.flac,3.35,0.18799829483032227,0.056118893979200675,0.16666666666666666,484.65,0.5125331878662109,288.5166015625,360.5537109375
./test-clean\672\122797\672-122797-0061.flac,7.59,0.3429985046386719,0.04519084382591197,0.26666666666666666,408.8,1.159933090209961,288.5166015625,360.5537109375
./test-clean\672\122797\672-122797-0062.flac,2.675,0.1929926872253418,0.0721467989627446,0.75,342.5,0.40953636169433594,288.5166015625,360.5537109375
./test-clean\672\122797\672-122797-0063.flac,5.075,0.25699877738952637,0.050640153180202235,0.4,481.25,0.7759532928466797,288.5166015625,360.5537109375
./test-clean\672\122797\672-122797-0064.flac,15.27,0.6130006313323975,0.04014411469105419,0.18181818181818182,796.2,2.3314342498779297,288.5166015625,370.19189453125
./test-clean\672\122797\672-122797-0065.flac,3.03,0.18200182914733887,0.060066610279649796,0.4,473.75,0.46397972106933594,288.5166015625,360.5537109375
./test-clean\672\122797\672-122797-0066.flac,4.815,0.30499815940856934,0.06334333528734565,0.0625,436.65,0.7367153167724609,288.5166015625,360.5537109375
./test-clean\672\122797\672-122797-0067.flac,13.035,0.5310075283050537,0.04073705625662092,0.125,228.05,1.990346908569336,288.5166015625,360.662109375
./test-clean\672\122797\672-122797-0068.flac,4.02,0.2239987850189209,0.0557210908007266,0.1,422.9,0.6148262023925781,288.5166015625,360.5537109375
./test-clean\672\122797\672-122797-0069.flac,5.01,0.2739996910095215,0.05469055708772884,0.16666666666666666,434.95,0.7661037445068359,288.5166015625,360.5537109375
./test-clean\672\122797\672-122797-0070.flac,6.27,0.3325059413909912,0.05303125062057276,0.05555555555555555,362.05,0.9580898284912109,288.5166015625,360.5537109375
./test-clean\672\122797\672-122797-0071.flac,8.875,0.42299985885620117,0.04766195592745929,0.1724137931034483,275.85,1.3556852340698242,288.5166015625,360.5537109375
./test-clean\672\122797\672-122797-0072.flac,7.94,0.3439931869506836,0.043324078961043275,0.11764705882352941,328.0,1.212911605834961,288.5166015625,360.5537109375
./test-clean\672\122797\672-122797-0073.flac,8.205,0.31899261474609375,0.038877832388311245,0.26666666666666666,424.45000000000005,1.2536840438842773,288.5166015625,360.5537109375
./test-clean\672\122797\672-122797-0074.flac,8.73,0.31900858879089355,0.03654164820056054,0.38461538461538464,358.55,1.3333158493041992,288.5166015625,360.5537109375
./test-clean\908\157963\908-157963-0000.flac,12.62,0.49799299240112305,0.0394606174644313,0.13333333333333333,250.0,1.927022933959961,288.5166015625,360.615234375
./test-clean\908\157963\908-157963-0001.flac,2.885,0.22199225425720215,0.07694705520180317,0.3333333333333333,426.45,0.44173240661621094,288.5166015625,360.5537109375
./test-clean\908\157963\908-157963-0002.flac,2.755,0.20299625396728516,0.0736828508048222,0.14285714285714285,484.9,0.42201805114746094,288.5166015625,360.5537109375
./test-clean\908\157963\908-157963-0003.flac,3.08,0.20499968528747559,0.06655833937905051,0.14285714285714285,482.55,0.47173118591308594,288.5166015625,360.5537109375
./test-clean\908\157963\908-157963-0004.flac,13.99,0.49000072479248047,0.03502506967780418,0.06060606060606061,805.95,2.136068344116211,288.5166015625,360.603515625
./test-clean\908\157963\908-157963-0005.flac,7.035,0.31599926948547363,0.044918161973770236,0.3076923076923077,378.1,1.074819564819336,288.5166015625,360.5537109375
./test-clean\908\157963\908-157963-0006.flac,8.11,0.3970005512237549,0.04895197918911898,0.13043478260869565,275.15,1.2391347885131836,288.5166015625,360.5537109375
./test-clean\908\157963\908-157963-0007.flac,32.77,1.1759929656982422,0.03588626688124022,0.2857142857142857,194.65,5.0017194747924805,288.5166015625,381.71875
./test-clean\908\157963\908-157963-0008.flac,19.95,0.8060061931610107,0.04040131294040154,0.13953488372093023,178.0,3.0456981658935547,288.5166015625,360.93212890625
./test-clean\908\157963\908-157963-0009.flac,4.06,0.2719895839691162,0.06699250836677739,0.25,405.3,0.6207304000854492,288.5166015625,360.5537109375
./test-clean\908\157963\908-157963-0010.flac,6.28,0.26499271392822266,0.04219629202678705,0.3076923076923077,405.3,0.9601345062255859,288.5166015625,360.5537109375
./test-clean\908\157963\908-157963-0011.flac,10.395,0.44199442863464355,0.04251990655455927,0.18181818181818182,263.85,1.587667465209961,288.5166015625,360.5537109375
./test-clean\908\157963\908-157963-0012.flac,10.09,0.4289991855621338,0.04251726318752565,0.20833333333333334,285.1,1.540975570678711,288.5166015625,360.5537109375
./test-clean\908\157963\908-157963-0013.flac,4.315,0.24500155448913574,0.056779039279058106,0.18181818181818182,381.25,0.6597890853881836,288.5166015625,360.5537109375
./test-clean\908\157963\908-157963-0014.flac,4.52,0.257000207901001,0.0568584530754427,0.18181818181818182,439.25,0.6915340423583984,288.5166015625,360.5537109375
./test-clean\908\157963\908-157963-0015.flac,14.465,0.6790053844451904,0.04694126404736885,0.24324324324324326,202.3,2.208547592163086,288.5166015625,360.802734375
./test-clean\908\157963\908-157963-0016.flac,5.105,0.2749974727630615,0.053868261070139374,0.25,479.25,0.7804775238037109,288.5166015625,360.5537109375
./test-clean\908\157963\908-157963-0017.flac,4.95,0.24199247360229492,0.04888736840450402,0.16666666666666666,428.1,0.7566261291503906,288.5166015625,360.5537109375
./test-clean\908\157963\908-157963-0018.flac,4.255,0.256000280380249,0.060164578232725974,0.45454545454545453,456.25,0.6514005661010742,288.5166015625,360.5537109375
./test-clean\908\157963\908-157963-0019.flac,21.44,0.6820564270019531,0.03181233334897169,0.20930232558139536,688.25,3.2728052139282227,288.5166015625,360.849609375
./test-clean\908\157963\908-157963-0020.flac,9.8,0.3809988498687744,0.03887743366007902,0.23809523809523808,306.25,1.4966793060302734,288.5166015625,360.5537109375
./test-clean\908\157963\908-157963-0021.flac,10.24,0.4889998435974121,0.047753890976309776,0.28,260.95,1.564016342163086,288.5166015625,360.626953125
./test-clean\908\157963\908-157963-0022.flac,4.61,0.26200056076049805,0.056833093440455104,0.36363636363636365,437.5,0.7050685882568359,288.5166015625,360.5537109375
./test-clean\908\157963\908-157963-0023.flac,9.625,0.4039933681488037,0.04197333695052506,0.17391304347826086,278.35,1.470174789428711,288.5166015625,360.5537109375
./test-clean\908\157963\908-157963-0024.flac,3.44,0.21100091934204102,0.0613374765529189,0.375,379.85,0.5262660980224609,288.5166015625,360.5537109375
./test-clean\908\157963\908-157963-0025.flac,9.265,0.37799882888793945,0.04079857840128866,0.21052631578947367,352.1,1.4148969650268555,288.5166015625,360.5537109375
./test-clean\908\157963\908-157963-0026.flac,8.1,0.41100001335144043,0.05074074238906672,0.17391304347826086,331.70000000000005,1.2377052307128906,288.5166015625,360.5537109375
./test-clean\908\157963\908-157963-0027.flac,5.225,0.2560000419616699,0.0489952233419464,0.23076923076923078,425.0,0.7989797592163086,288.5166015625,360.5537109375
./test-clean\908\157963\908-157963-0028.flac,4.955,0.311997652053833,0.06296622644880585,0.4166666666666667,374.4,0.7575464248657227,288.5166015625,360.5537109375
./test-clean\908\157963\908-157963-0029.flac,3.63,0.20600128173828125,0.05674966439071109,0.2222222222222222,421.25,0.5552635192871094,288.5166015625,360.5537109375
./test-clean\908\157963\908-157963-0030.flac,4.52,0.27499985694885254,0.06084067631611782,0.3,477.6,0.6913356781005859,288.5166015625,360.5537109375
./test-clean\908\31957\908-31957-0000.flac,2.125,0.18400096893310547,0.08658869126263787,0.16666666666666666,444.0,0.32576560974121094,288.5166015625,360.5537109375
./test-clean\908\31957\908-31957-0001.flac,11.315,0.5300042629241943,0.046840853992416644,0.1111111111111111,804.0,1.7277021408081055,288.5166015625,360.626953125
./test-clean\908\31957\908-31957-0002.flac,4.79,0.28199148178100586,0.0588708730231745,0.15384615384615385,422.6,0.7324123382568359,288.5166015625,360.5537109375
./test-clean\908\31957\908-31957-0003.flac,6.565,0.32099199295043945,0.048894439139442414,0.17647058823529413,375.6,1.003377914428711,288.5166015625,360.5537109375
./test-clean\908\31957\908-31957-0004.flac,14.755,0.6380000114440918,0.043239580579064164,0.15,278.75,2.2526044845581055,288.5166015625,371.44921875
./test-clean\908\31957\908-31957-0005.flac,4.49,0.28099989891052246,0.06258349641659743,0.2,676.3,0.6866359710693359,288.5166015625,360.5537109375
./test-clean\908\31957\908-31957-0006.flac,5.89,0.2609987258911133,0.04431217757064742,0.07692307692307693,428.1,0.9001064300537109,288.5166015625,360.5537109375
./test-clean\908\31957\908-31957-0007.flac,5.8,0.30999207496643066,0.053446909476970804,0.3076923076923077,368.25,0.8866643905639648,288.5166015625,360.5537109375
./test-clean\908\31957\908-31957-0008.flac,10.005,0.4429931640625,0.04427717781734133,0.2857142857142857,309.85,1.5283536911010742,288.5166015625,360.556640625
./test-clean\908\31957\908-31957-0009.flac,7.705,0.3489987850189209,0.04529510512899687,0.1,338.4,1.177053451538086,288.5166015625,360.5537109375
./test-clean\908\31957\908-31957-0010.flac,2.51,0.16499757766723633,0.06573608672001448,0.5,395.65,0.3844642639160156,288.5166015625,360.5537109375
./test-clean\908\31957\908-31957-0011.flac,2.335,0.16599774360656738,0.07109111075227725,0.25,495.1,0.35793113708496094,288.5166015625,360.5537109375
./test-clean\908\31957\908-31957-0012.flac,7.615,0.34000110626220703,0.0446488649063962,0.2,402.0,1.1633291244506836,288.5166015625,360.5537109375
./test-clean\908\31957\908-31957-0013.flac,6.18,0.2569997310638428,0.04158571700062181,0.23076923076923078,421.9,0.9443569183349609,288.5166015625,360.5537109375
./test-clean\908\31957\908-31957-0014.flac,7.56,0.34500741958618164,0.04563590206166424,0.17647058823529413,332.95,1.1547346115112305,288.5166015625,360.5537109375
./test-clean\908\31957\908-31957-0015.flac,21.465,0.681006908416748,0.03172638753397382,0.35,196.5,3.277090072631836,288.5166015625,360.861328125
./test-clean\908\31957\908-31957-0016.flac,6.48,0.2749946117401123,0.04243744008335066,0.25,412.75,0.9899396896362305,288.5166015625,360.5537109375
./test-clean\908\31957\908-31957-0017.flac,7.795,0.3699946403503418,0.04746563699170517,0.3333333333333333,320.85,1.1908483505249023,288.5166015625,360.5537109375
./test-clean\908\31957\908-31957-0018.flac,3.915,0.22411227226257324,0.05724451398788589,0.2222222222222222,424.5,0.5987024307250977,288.5166015625,360.5537109375
./test-clean\908\31957\908-31957-0019.flac,9.54,0.3800015449523926,0.03983244705999923,0.047619047619047616,702.2,1.457326889038086,288.5166015625,360.5537109375
./test-clean\908\31957\908-31957-0020.flac,5.895,0.3149991035461426,0.053434962433611975,0.125,360.6,0.9010219573974609,288.5166015625,360.5537109375
./test-clean\908\31957\908-31957-0021.flac,10.905,0.46100950241088867,0.042275057534240136,0.2,229.9,1.6656293869018555,288.5166015625,360.591796875
./test-clean\908\31957\908-31957-0022.flac,14.1,0.5209953784942627,0.03695002684356473,0.2222222222222222,248.8,2.153005599975586,288.5166015625,360.638671875
./test-clean\908\31957\908-31957-0023.flac,8.515,0.33998894691467285,0.03992823804047831,0.16666666666666666,338.2,1.300924301147461,288.5166015625,360.5537109375
./test-clean\908\31957\908-31957-0024.flac,7.54,0.3940000534057617,0.052254648992806595,0.16666666666666666,296.45,1.151876449584961,288.5166015625,360.5537109375
./test-clean\908\31957\908-31957-0025.flac,20.56,0.6780004501342773,0.03297667559018859,0.21052631578947367,288.3,3.1386756896972656,288.5166015625,371.02978515625
